SalePrice,LotArea,YearBuilt,GrLivArea,FullBath,HalfBath,BedroomAbvGr,TotRmsAbvGrd,GarageCars,avgAreaIncome,zipCode
208500,8450,2003,1710,2,1,3,8,2,97203,50045
181500,9600,1976,1262,2,0,3,6,2,106363,50049
223500,11250,2001,1786,2,1,3,6,2,97203,50045
250000,14260,2000,2198,2,1,4,9,3,150805,50026
143000,14115,1993,1362,1,1,1,5,2,77061,50039
307000,10084,2004,1694,2,0,3,7,2,104653,50046
200000,10382,1973,2090,2,1,3,7,2,91626,50043
118000,7420,1939,1077,1,0,2,5,1,65080,50015
129500,11200,1965,1040,1,0,3,5,1,62302,50016
144000,12968,1962,912,1,0,2,4,1,62302,50016
157000,10920,1960,1253,1,1,2,5,1,76429,50037
132000,6120,1929,854,1,0,2,5,2,65080,50015
149000,11241,1970,1004,1,0,2,5,2,76429,50037
90000,10791,1967,1296,2,0,2,6,2,62302,50016
159000,13695,2004,1114,1,1,3,6,2,92322,50041
139400,7449,1930,1108,1,0,3,6,1,51360,50017
230000,9742,2002,1795,2,0,3,7,2,97203,50045
129900,4224,1976,1060,1,0,3,6,2,53958,50010
154000,8246,1968,1060,1,0,3,6,1,62302,50016
256300,14230,2007,1600,2,0,3,7,3,138025,50051
134800,7200,1951,900,1,0,3,5,2,76429,50037
306000,11478,2007,1704,2,0,3,7,3,138025,50051
207500,16321,1957,1600,1,0,2,6,1,76429,50037
68500,6324,1927,520,1,0,1,4,1,65080,50015
40000,8500,1920,1317,1,0,3,6,1,51360,50017
149350,8544,1966,1228,1,1,3,6,1,62302,50016
179900,11049,2007,1234,2,0,3,7,2,97203,50045
165500,10552,1959,1700,1,1,4,6,2,76429,50037
277500,7313,2005,1561,2,0,2,6,2,138025,50051
309000,13418,2004,2452,3,1,4,9,3,138025,50051
145000,10859,1994,1097,1,1,3,6,2,97203,50045
153000,8532,1954,1297,1,0,3,5,2,76429,50037
170000,16905,1959,1328,1,1,2,5,1,112753,50047
144000,9180,1983,884,1,0,2,5,2,92322,50041
130250,9200,1975,938,1,0,3,5,1,97203,50045
141000,7945,1959,1150,1,0,3,6,1,76429,50037
319900,7658,2005,1752,2,0,2,6,2,138025,50051
249700,11096,2006,1656,2,0,3,7,3,104653,50046
127000,7742,1966,955,1,0,3,6,1,62302,50016
177000,13869,1997,1470,2,0,3,6,2,92380,50040
114500,6240,1934,1176,1,0,3,6,2,65080,50015
110000,8472,1963,816,1,0,2,5,2,51360,50017
385000,50271,1981,1842,0,1,0,5,3,106363,50049
130000,7134,1955,1360,1,0,3,6,2,76429,50037
180500,10175,1964,1425,2,0,3,7,2,76429,50037
196500,11645,2004,1720,2,1,3,7,2,97203,50045
124900,7200,1972,780,1,0,2,4,1,97203,50045
101000,7200,1920,1111,1,0,3,6,1,51360,50017
202500,6442,2006,1370,2,0,2,6,2,138025,50051
140000,10300,1921,1710,2,0,3,9,2,62452,50014
219500,9375,1997,2034,2,1,3,8,2,97203,50045
317000,9591,2004,2473,2,1,4,9,3,138025,50051
180000,19900,1970,2207,2,0,3,7,2,76429,50037
226000,10665,2003,1479,2,0,3,7,2,97203,50045
80000,4608,1945,747,1,0,2,4,1,62452,50014
225000,15593,1953,2287,2,0,3,7,2,106605,50048
244000,13651,1973,2223,2,0,3,8,2,76429,50037
129500,7599,1982,845,1,0,2,4,2,77061,50039
185000,10141,1998,1718,2,1,3,7,2,92380,50040
144900,10200,1954,1086,1,0,3,6,2,76429,50037
107400,5790,1915,1605,2,0,3,8,1,62452,50014
91000,1596,1973,988,1,0,2,5,1,53958,50010
135750,8475,1956,952,1,0,2,4,1,76429,50037
127000,8635,1948,1285,1,0,2,6,1,65080,50015
136500,10778,1968,1768,2,0,4,8,0,62302,50016
110000,10440,1910,1230,1,1,2,5,2,62452,50014
193500,13000,1968,2142,2,1,4,8,1,76429,50037
153500,4500,1998,1337,2,0,2,5,2,77061,50039
245000,10206,2007,1563,2,0,3,6,3,104653,50046
126500,8892,1960,1065,1,1,3,6,2,76429,50037
168500,8530,1995,1474,2,1,3,7,2,92380,50040
260000,16059,1991,2417,2,1,4,9,2,150805,50026
174000,11911,2005,1560,2,1,3,6,2,92380,50040
123600,8070,1994,990,1,0,3,5,0,97203,50045
109900,7200,1950,1040,1,0,2,4,2,76429,50037
163500,13360,1921,964,1,0,2,5,2,96432,50044
133900,7200,1910,2291,2,0,4,9,2,62452,50014
204750,9337,1997,1786,2,1,3,7,2,97203,50045
185000,9765,1993,1470,2,1,3,6,2,92380,50040
214000,10264,1999,1588,2,0,3,6,2,97203,50045
94750,10921,1965,960,1,0,3,6,1,64108,50036
128950,9320,1959,1225,1,1,3,6,0,76429,50037
205000,10603,1977,1610,2,0,3,6,2,91626,50043
178000,9206,1985,1732,2,1,3,7,2,92322,50041
198900,10402,2009,1226,2,0,3,6,3,97203,50045
169500,7758,1931,1818,1,1,4,7,1,51360,50017
250000,9375,2003,1992,2,1,3,9,2,104653,50046
100000,10800,1885,1047,1,0,2,6,1,62452,50014
115000,8500,1919,1517,2,0,3,7,0,51360,50017
190000,11751,1977,1844,2,0,3,7,2,91626,50043
136900,9525,1954,1855,2,0,4,7,1,64108,50036
180000,7750,2000,1430,2,1,3,7,2,92380,50040
259500,7259,1945,2320,2,1,3,9,1,96432,50044
176000,3230,1999,1458,2,1,2,5,2,104653,50046
139000,11616,1962,1092,1,0,3,6,1,62302,50016
320000,12376,1990,3222,3,0,5,11,3,92322,50041
180000,21453,1969,988,1,0,1,4,2,106605,50048
100000,6060,1939,1123,1,0,3,4,1,51360,50017
136000,9464,1958,1080,1,0,3,5,1,76429,50037
153900,7892,1993,1199,2,0,2,5,2,92322,50041
181000,17043,1979,1586,2,0,3,7,2,91626,50043
84500,6780,1935,754,1,0,2,5,0,51360,50017
128000,4928,1976,958,2,0,2,5,2,69607,50038
87000,4388,1930,840,1,0,3,5,0,62452,50014
155000,7590,1966,1348,1,1,3,6,2,76429,50037
226000,14200,1966,2157,2,1,4,8,2,76429,50037
244000,12224,2000,2054,2,1,3,7,2,92380,50040
150750,7388,1959,1327,1,0,3,7,2,76429,50037
220000,6853,2001,1296,2,0,2,6,2,112753,50047
180000,10335,1968,1721,2,1,3,7,2,62302,50016
174000,10400,1970,1682,2,0,3,7,2,91626,50043
143000,10355,1967,1214,2,0,3,5,1,76429,50037
230000,9066,1999,1852,2,1,3,7,3,97203,50045
231500,15426,1997,1764,2,1,3,7,2,97203,50045
115000,10500,1971,864,1,0,3,5,0,76429,50037
260000,11645,2005,1734,2,0,3,7,2,97203,50045
166000,8520,1952,1385,2,0,4,6,2,76429,50037
204000,10335,1999,1501,2,0,3,6,2,97203,50045
130000,2522,2004,1709,2,0,3,7,2,64108,50036
105000,6120,1931,875,1,0,2,5,1,65080,50015
222500,9505,2001,2035,2,1,3,8,2,92380,50040
141000,7500,2004,1080,1,0,3,6,0,92322,50041
115000,6240,1936,1344,1,0,3,7,1,65080,50015
122000,10356,1975,969,1,1,3,5,2,97203,50045
190000,14803,1971,1993,2,1,4,8,2,91626,50043
235000,13500,1960,1252,1,0,1,4,2,106605,50048
79000,9600,1924,1096,1,0,2,5,0,64108,50036
109500,7200,1950,1040,1,0,2,5,2,76429,50037
254900,12552,2004,1947,2,1,3,8,2,104653,50046
162500,11120,1984,1232,2,0,3,6,2,106363,50049
412500,13688,2003,2668,2,1,3,10,3,138025,50051
103200,5500,1956,882,1,0,1,4,0,62452,50014
152000,5400,1926,1616,2,0,3,5,1,62452,50014
127500,10106,1940,1355,2,0,4,6,0,64108,50036
190000,10708,1955,1867,1,0,2,7,1,106605,50048
183500,8244,2004,1720,2,1,3,7,2,92380,50040
228000,16669,1981,1707,2,1,2,6,2,112753,50047
128500,12358,1941,1382,1,1,2,7,2,62452,50014
215000,31770,1960,1656,1,0,3,7,2,76429,50037
239000,5306,1987,1767,2,0,2,5,2,120437,50050
163000,10197,1961,1362,1,1,3,6,2,76429,50037
184000,12416,1986,1651,2,0,3,7,2,112753,50047
243000,12615,1950,2158,2,0,4,7,2,64108,50036
211000,10029,1988,2060,2,1,4,8,2,106605,50048
172500,13650,1958,1920,2,0,4,8,2,62302,50016
100000,8520,1923,968,1,0,2,5,2,62452,50014
177000,2117,2000,1525,2,1,3,5,2,104653,50046
200100,7588,1920,1802,1,1,4,9,1,96432,50044
120000,9060,1957,1340,1,0,3,7,1,64108,50036
200000,11426,2003,2082,2,1,3,6,2,62452,50014
127000,7438,1908,1252,1,0,3,5,2,65080,50015
475000,22950,1892,3608,2,1,4,12,3,62452,50014
173000,9947,1990,1217,2,0,3,6,2,77061,50039
135000,10410,1916,1656,2,1,3,8,1,62452,50014
286000,4923,2001,1593,1,1,0,5,2,120437,50050
315000,10570,1932,2727,2,1,3,10,2,96432,50044
184000,7472,1972,1479,1,1,4,7,2,76429,50037
192000,9017,1999,1431,2,0,3,6,2,97203,50045
130000,2522,2004,1709,2,0,3,7,2,64108,50036
127000,7180,1972,864,1,0,3,5,1,97203,50045
148500,2280,1976,1456,2,1,3,7,2,69607,50038
274900,9591,2004,1713,2,0,3,7,3,138025,50051
140000,8546,2003,1121,2,0,2,5,2,64108,50036
171500,10125,1977,1279,2,0,3,6,2,77061,50039
112000,7000,1924,1310,2,0,2,6,1,62452,50014
149000,4438,2004,848,1,0,1,3,2,97203,50045
110000,3500,1947,1284,1,1,2,5,1,62452,50014
180500,11851,1990,1442,2,0,3,5,2,92380,50040
143900,13673,1962,1696,1,1,3,8,1,62302,50016
141000,12493,1960,1100,1,0,3,6,1,76429,50037
277000,14364,1988,2062,2,1,3,7,2,92322,50041
145000,8250,1964,1092,1,0,3,6,2,76429,50037
98000,5604,1925,864,1,0,2,5,0,64108,50036
186000,10420,2009,1212,2,0,3,6,2,64108,50036
156000,13568,1995,990,1,0,3,5,2,97203,50045
161750,10900,1977,1392,1,1,3,6,1,97203,50045
134450,10011,1957,1236,1,0,2,6,1,76429,50037
210000,8450,2004,1436,2,0,3,8,2,97203,50045
311500,15660,1939,1954,1,1,3,8,2,96432,50044
200000,8068,2002,2267,2,1,4,8,2,92380,50040
179900,11475,1975,1552,2,1,3,6,2,91626,50043
386250,13472,2003,2392,2,0,3,8,3,138025,50051
106000,1869,1970,987,1,1,2,5,1,57629,50011
125000,8521,1967,912,1,0,3,5,1,62302,50016
192500,3182,2005,1555,2,0,2,7,2,92169,50042
148000,8760,1959,1194,1,0,3,6,1,76429,50037
403000,15138,1995,2794,2,1,4,9,3,150805,50026
94500,1680,1972,987,1,1,2,5,1,57629,50011
128200,10650,1976,894,1,0,3,5,1,97203,50045
216500,7851,2002,1960,2,1,4,8,2,92380,50040
89500,1680,1971,987,1,1,2,5,1,57629,50011
185500,8773,2004,1414,2,0,3,6,2,97203,50045
194500,9453,1993,1744,2,1,3,7,2,92322,50041
113000,8741,1945,1487,1,1,3,7,1,64108,50036
262500,9000,2008,1566,2,0,3,7,2,104653,50046
110500,3880,1945,866,1,0,2,4,0,62452,50014
79000,5000,1900,1440,1,0,3,6,1,62452,50014
120000,10762,1980,1217,1,1,3,6,1,92322,50041
205000,8880,1994,2110,2,1,3,8,2,92322,50041
241500,10400,1988,1872,2,0,3,6,2,91626,50043
137000,9142,1910,1928,2,0,4,9,1,62452,50014
140000,11310,1954,1375,1,0,2,5,2,76429,50037
180000,11317,2003,1668,2,1,3,8,2,97203,50045
277000,159000,1958,2144,2,0,4,7,2,106605,50048
76500,5350,1940,1306,1,0,3,6,0,65080,50015
173000,8366,2004,1640,2,1,3,6,2,92322,50041
158000,9350,1964,1302,2,0,3,7,1,76429,50037
145000,8400,1957,1314,1,0,3,5,1,76429,50037
230000,8738,1999,2291,2,1,4,8,2,92380,50040
207500,8791,2003,1728,2,1,3,7,2,104653,50046
231500,12435,2001,1792,2,1,3,7,2,97203,50045
97000,12702,1956,882,1,0,2,4,1,62452,50014
176000,19296,1962,1382,1,0,3,6,2,76429,50037
151000,8471,1977,1212,1,0,3,6,2,62302,50016
130000,5500,1929,1316,1,0,3,6,2,62452,50014
73000,5232,1925,764,1,0,2,4,2,62452,50014
175500,12090,1981,1422,2,0,3,7,2,91626,50043
185000,11207,1997,1511,2,1,3,8,2,92380,50040
179500,8400,1939,2192,2,1,4,8,1,66850,50036
120500,6900,1940,778,1,0,2,4,1,51360,50017
148000,7917,1976,1113,1,1,3,6,1,64108,50036
241500,39104,1954,1363,1,0,2,5,2,106605,50048
290000,11764,1999,2270,2,1,4,9,3,150805,50026
139000,9600,1958,1632,2,0,3,6,1,76429,50037
124500,8314,1982,816,1,0,2,5,1,77061,50039
205000,7264,1925,1548,2,1,3,5,2,65080,50015
201000,9196,2003,1560,2,0,3,7,2,77061,50039
141000,19138,1951,864,1,0,2,4,2,92380,50040
192000,10005,1977,2022,2,1,4,8,2,106605,50048
228500,11287,1989,1982,2,1,3,7,2,92322,50041
207500,5063,2007,1314,2,0,2,6,2,138025,50051
179200,8012,1992,1575,2,0,2,5,2,92322,50041
159000,9786,1962,1734,1,1,3,7,2,76429,50037
88000,8125,1971,858,1,0,3,5,0,76429,50037
122000,9819,1967,900,1,0,3,5,1,62302,50016
153575,8730,1915,1396,1,0,3,7,1,65080,50015
135900,5687,1912,1716,2,0,6,9,0,66850,50036
131000,11409,1949,1716,1,1,3,8,1,64108,50036
235000,16659,1977,2263,2,1,3,9,2,91626,50043
167000,9600,1953,1644,1,0,3,7,2,76429,50037
142500,7937,1984,1003,1,0,3,6,2,77061,50039
152000,13710,1950,1558,1,1,4,6,1,51360,50017
239000,7399,1997,1950,2,1,3,7,2,104653,50046
175000,11700,1968,1743,1,2,3,7,2,91626,50043
157000,15750,1953,1336,1,0,2,5,1,96432,50044
267000,16226,1998,2452,2,1,4,9,2,97203,50045
205000,13704,2001,1541,2,0,3,6,3,97203,50045
295000,18386,1880,3493,3,0,3,10,3,62452,50014
305900,10386,2004,2000,2,0,3,8,3,97203,50045
225000,13474,1990,2243,2,1,4,8,3,92322,50041
89500,7920,1920,1406,1,0,3,6,0,51360,50017
82500,12342,1940,861,1,0,1,4,2,64108,50036
360000,12378,2003,1944,2,0,3,8,3,138025,50051
165600,7685,1993,1501,2,1,3,6,2,92380,50040
132000,8000,1948,972,1,0,2,5,1,76429,50037
119900,7800,1939,1118,1,0,3,5,2,62452,50014
375000,215245,1965,2036,2,0,3,8,2,112753,50047
178000,9600,1925,1641,1,1,3,6,2,62452,50014
188500,7795,2004,1432,2,1,3,6,2,92380,50040
260000,13005,1980,2353,2,1,4,10,2,91626,50043
270000,9000,2006,1959,2,1,3,8,3,104653,50046
260000,9900,1993,2646,2,1,4,9,3,150805,50026
187500,14115,1980,1472,2,0,3,6,2,91626,50043
354000,12099,2004,2468,2,1,4,10,3,138025,50051
301000,10380,1986,2730,2,1,4,8,2,92322,50041
126175,5820,1955,1163,1,0,3,6,1,62452,50014
242000,11275,1967,2978,2,1,5,11,2,76429,50037
87000,5000,1941,803,1,0,2,5,2,51360,50017
324000,10846,1993,1719,1,1,1,6,2,106363,50049
145250,11600,1960,1383,1,1,3,7,1,76429,50037
214500,11888,1916,2134,2,0,5,10,2,65080,50015
78000,6402,1920,1192,1,0,3,6,1,51360,50017
119000,10624,1964,1728,2,0,6,10,1,76429,50037
139000,8176,1958,1056,1,0,3,6,1,76429,50037
284000,10655,2003,1629,2,0,3,7,3,138025,50051
207000,8198,2004,1358,2,0,2,6,2,138025,50051
192000,9042,1998,1638,2,1,3,7,2,92380,50040
228950,164660,1965,1786,2,0,3,7,2,112753,50047
377426,14157,2005,1922,2,0,3,8,3,120437,50050
214000,9135,2002,1536,2,0,3,7,2,97203,50045
202500,14145,1984,1621,2,0,3,8,2,91626,50043
155000,12400,1958,1215,1,0,3,6,1,76429,50037
202900,14191,2002,1908,2,1,4,9,2,112753,50047
82000,8400,1950,841,1,0,2,4,1,92322,50041
87500,8544,1949,1040,2,0,2,6,2,76429,50037
266000,8849,2005,1684,2,0,2,6,2,138025,50051
85000,2592,1976,1112,1,1,3,4,1,53958,50010
140200,6435,1939,1577,1,0,3,6,1,65080,50015
151500,12772,1960,958,1,0,2,5,1,76429,50037
157500,17600,1960,1478,2,0,3,6,2,76429,50037
154000,2448,2003,1626,2,1,2,6,2,138025,50051
95000,9084,1941,1111,1,0,3,5,1,64108,50036
105900,8520,1928,720,1,0,2,5,2,62452,50014
140000,8400,1940,1595,1,0,2,6,1,66850,50036
177500,11249,1995,1200,2,0,3,6,2,97203,50045
173000,9248,1992,1167,2,0,3,6,2,92380,50040
134000,4224,1976,1142,1,1,3,6,2,53958,50010
280000,12011,1998,1924,2,1,3,7,2,150805,50026
156000,7540,1978,912,1,0,2,5,2,77061,50039
145000,9144,1940,1505,1,0,3,8,1,65080,50015
198500,7301,2003,1922,3,0,4,7,2,64108,50036
118000,1680,1972,987,1,1,2,5,1,57629,50011
190000,18800,1976,1574,2,1,3,6,2,91626,50043
147000,10690,1920,1344,1,0,3,6,1,51360,50017
159000,9500,1963,1394,1,1,3,6,2,76429,50037
165000,9150,1962,1431,1,0,3,6,1,76429,50037
132000,7800,1954,1268,1,0,2,7,1,76429,50037
162000,9830,1959,1287,1,0,3,7,2,76429,50037
172400,8121,2000,1664,2,1,3,7,2,92380,50040
134432,17120,1959,1588,2,0,4,7,2,106605,50048
125000,7175,1984,752,1,0,2,4,1,92322,50041
123000,10634,1953,1319,1,0,3,5,1,76429,50037
219500,8200,2003,1928,2,1,4,8,2,97203,50045
61000,10020,1922,904,0,1,1,4,0,64108,50036
148000,8846,1996,914,1,0,2,5,2,97203,50045
340000,11143,2004,2466,3,0,4,8,2,104653,50046
179000,8123,2000,1800,2,1,3,7,2,92380,50040
127000,5000,1924,1691,2,0,3,6,1,66850,50036
213500,9245,2006,1797,2,1,3,8,2,97203,50045
76000,9000,1928,784,1,0,2,5,2,92322,50041
240000,53107,1992,1953,2,1,3,9,2,106605,50048
192000,3182,2004,1269,2,0,2,6,2,92169,50042
191000,9382,1999,1479,2,0,3,6,2,97203,50045
119000,8405,1900,1367,1,0,4,7,1,64108,50036
215000,12209,2001,1961,2,1,3,7,2,77061,50039
106500,8339,1959,882,1,0,3,5,1,76429,50037
109000,10134,1940,1034,1,0,2,5,1,62452,50014
129000,9571,1956,1144,1,0,3,6,1,64108,50036
123000,7200,1972,894,1,0,2,6,2,97203,50045
169500,7590,1962,1812,2,0,4,8,1,76429,50037
241000,8125,2006,1550,2,0,2,7,2,104653,50046
245500,14963,1996,1288,1,1,1,4,2,106363,50049
108000,10200,1940,672,1,0,2,4,1,62302,50016
168000,10364,1995,1572,2,1,3,7,2,92380,50040
150000,9991,1976,1620,2,0,3,8,2,62302,50016
115000,10480,1936,1639,1,0,3,6,1,66850,50036
177000,15576,1915,1680,2,0,4,8,1,96432,50044
145000,34650,1955,1056,1,0,3,5,2,92380,50040
115000,8960,1927,1028,1,0,2,5,2,62452,50014
228000,11228,1993,2097,2,1,3,9,3,92322,50041
149500,7844,1978,1400,1,1,3,6,2,62302,50016
239000,22420,1918,2624,2,1,4,10,3,96432,50044
142000,8450,1968,1056,1,0,3,6,1,76429,50037
215000,16635,1977,1602,2,0,3,8,2,91626,50043
113000,21750,1954,988,1,0,2,4,2,77061,50039
315000,9200,1998,2630,2,1,4,8,3,150805,50026
139000,9000,1956,1196,1,0,2,6,1,76429,50037
135000,3378,1946,1389,1,1,3,6,1,62452,50014
275000,12800,1989,1644,2,0,2,5,2,92322,50041
109008,8593,1957,907,1,0,3,5,1,76429,50037
175000,11457,1988,1412,2,0,3,6,2,112753,50047
122500,1920,1971,1365,1,1,2,6,2,57629,50011
181000,10839,1997,1604,2,1,3,7,2,92380,50040
81000,1890,1972,630,1,0,1,3,0,53958,50010
212000,10667,1996,1661,2,1,3,6,2,97203,50045
116000,4400,1920,1118,1,0,2,6,2,62452,50014
119000,6000,1926,904,1,0,2,4,1,65080,50015
90350,4280,1913,694,1,0,2,4,1,96432,50044
110000,12354,1920,1196,1,0,3,7,2,64108,50036
555000,15431,2008,2402,2,0,2,10,3,138025,50051
118000,12108,1955,1440,2,0,4,8,0,64108,50036
162900,6240,1930,1573,2,0,3,8,2,65080,50015
210000,8750,1994,1908,2,1,4,8,2,97203,50045
127500,9855,1956,1689,1,0,3,7,2,64108,50036
190000,16492,1966,1888,2,1,2,6,2,76429,50037
199900,11214,1998,1886,2,1,4,10,2,92380,50040
119500,8600,1937,1376,2,0,3,7,1,51360,50017
120000,6000,1948,1183,1,1,2,6,1,62452,50014
110000,5684,1930,813,1,0,2,5,1,62452,50014
280000,70761,1975,1533,2,0,2,5,2,106605,50048
204000,9303,1996,1756,2,1,3,7,2,112753,50047
210000,9000,2008,1590,2,1,3,6,2,104653,50046
175500,9600,1973,1242,1,1,3,6,2,91626,50043
256000,53227,1954,1663,1,0,2,6,2,106605,50048
161000,5100,1925,1666,1,0,3,7,1,62452,50014
110000,7015,1950,1203,1,0,3,5,1,65080,50015
155000,7200,1936,1135,1,0,3,6,2,66850,50036
62383,8281,1965,864,1,0,3,5,1,62302,50016
188700,11988,1934,1660,1,1,3,6,1,96432,50044
124000,8430,1978,1040,2,0,3,5,0,97203,50045
178740,3072,2004,1414,2,0,2,6,2,92169,50042
167000,10628,1970,1277,1,0,2,5,2,76429,50037
146500,9480,1942,1644,1,1,3,7,1,76429,50037
250000,11428,2006,1634,2,0,3,7,3,138025,50051
187000,9291,1993,1710,2,1,3,7,2,92322,50041
212000,6820,1985,1502,1,1,1,4,2,120437,50050
190000,11952,1977,1969,2,1,3,8,2,91626,50043
148000,3675,2005,1072,1,0,2,5,2,64108,50036
251000,5330,2000,1652,2,0,2,6,2,120437,50050
132500,8480,1963,970,1,0,2,5,2,62302,50016
208900,13125,1997,1493,2,0,3,7,2,97203,50045
380000,13693,2006,2643,2,1,3,9,3,138025,50051
297000,10637,2007,1718,2,0,3,7,3,97203,50045
326000,16033,2004,1850,2,0,3,8,3,138025,50051
374000,11846,2003,1792,2,0,2,6,3,138025,50051
155000,2500,1915,1826,1,1,4,7,1,62452,50014
164000,4500,1998,1216,2,0,2,5,2,77061,50039
132500,7758,1962,999,1,0,3,6,1,62302,50016
147000,9600,1950,1113,1,0,3,5,1,76429,50037
156000,10289,1965,1073,1,1,3,6,2,76429,50037
175000,12243,1971,1484,2,0,3,7,2,91626,50043
160000,10800,1900,2414,2,0,3,10,2,62452,50014
86000,1526,1970,630,1,0,1,3,1,53958,50010
115000,2665,1976,1304,1,1,3,4,1,53958,50010
133000,9490,1941,1578,1,0,3,5,1,76429,50037
155000,7931,1960,1269,1,1,3,6,1,76429,50037
91300,5784,1938,886,1,0,2,4,1,62452,50014
430000,12692,1992,3228,3,0,4,10,2,150805,50026
184000,9120,1925,1820,2,0,4,8,1,65080,50015
130000,7800,1967,899,1,0,3,5,1,62302,50016
120000,7535,1958,912,1,0,2,5,1,76429,50037
113000,1890,1973,1218,1,1,3,7,1,57629,50011
226700,9803,2005,1768,2,1,3,7,2,104653,50046
140000,9170,1965,1214,1,0,2,6,2,64108,50036
289000,15602,1959,1801,2,0,1,6,2,96432,50044
147000,2308,1974,1322,2,1,3,6,2,69607,50038
124500,7596,1952,1960,2,0,4,10,2,62452,50014
215000,9554,1993,1911,2,1,3,8,2,92322,50041
161000,9600,1928,1378,2,0,3,7,2,62452,50014
124500,9600,1959,1041,1,0,3,6,1,76429,50037
164900,14559,1951,1363,1,0,2,6,1,76429,50037
129900,9100,1958,864,1,0,3,5,2,76429,50037
134000,9187,1983,1080,1,1,3,5,2,77061,50039
96500,10594,1926,789,1,0,2,5,1,96432,50044
265000,10208,1996,2344,2,1,3,7,3,150805,50026
211000,9531,1998,1796,2,1,3,7,2,97203,50045
234000,10918,1926,2080,1,1,3,9,1,96432,50044
106250,10800,1900,1294,2,0,3,7,0,62452,50014
150000,11988,1957,1244,1,1,3,6,1,76429,50037
159000,5000,1947,1664,2,0,3,7,2,65080,50015
315750,11787,1996,2398,2,1,3,8,3,150805,50026
176000,7500,2005,1266,2,0,3,6,2,104653,50046
132000,13300,1956,928,1,0,2,4,1,76429,50037
86000,9098,1920,605,1,0,2,5,0,64108,50036
128000,6155,1920,1362,2,0,3,6,2,65080,50015
107500,7200,1955,827,1,0,2,5,1,76429,50037
39300,5000,1946,334,1,0,1,2,0,65080,50015
178000,9056,2004,1414,2,1,3,6,2,92380,50040
107500,7000,1910,1347,1,0,3,5,0,64108,50036
188000,8924,1998,1724,2,1,3,8,2,97203,50045
111250,12735,1972,864,1,0,3,5,2,76429,50037
158000,11553,1968,1159,1,1,3,7,1,62302,50016
272000,11423,2001,1601,2,0,3,6,2,97203,50045
315000,14601,2006,1838,2,0,2,8,3,112753,50047
248000,11000,2000,2285,2,1,4,8,3,150805,50026
213250,10140,1998,1680,2,0,3,7,2,91626,50043
133000,4058,1998,767,1,0,1,4,1,76429,50037
229000,13837,1988,2183,2,1,4,9,3,91626,50043
210000,8737,1923,1635,1,1,3,6,2,65080,50015
129500,7244,1970,768,1,0,2,5,2,77061,50039
125000,8235,1955,825,1,0,2,4,2,62452,50014
263000,9375,2003,2094,2,1,4,8,2,104653,50046
112500,6000,1957,928,1,0,3,5,1,62452,50014
255500,11146,2006,1717,2,0,3,7,3,138025,50051
108000,8777,1949,1126,2,0,2,5,2,64108,50036
284000,10625,2003,2046,2,1,3,8,3,138025,50051
113000,6380,1922,1048,1,0,2,5,1,65080,50015
141000,14850,1957,1092,1,0,2,6,1,76429,50037
108000,11040,1920,1336,1,1,3,7,1,51360,50017
175000,21872,1996,1446,2,1,3,6,2,92380,50040
234000,3196,2003,1557,2,0,2,7,2,92169,50042
121500,11341,1957,1392,1,1,3,5,2,62302,50016
170000,10010,1974,1389,1,0,2,6,2,77061,50039
108000,13907,1940,996,1,0,3,6,0,64108,50036
185000,21780,1918,1674,2,0,4,8,2,64108,50036
268000,13346,1992,2295,2,1,4,9,2,150805,50026
128000,6858,1915,1647,1,1,4,6,1,66850,50036
325000,11198,2005,2504,2,1,4,11,3,120437,50050
214000,10171,2004,1535,2,0,3,7,2,138025,50051
316600,12327,1983,2132,1,1,1,5,2,92322,50041
135960,7032,1979,943,1,0,2,4,2,76429,50037
142600,13101,1965,1728,2,0,6,10,2,76429,50037
170000,9967,2000,1430,2,1,3,8,2,92380,50040
139000,10500,1971,1109,1,0,3,5,1,76429,50037
145000,6292,1928,1477,2,0,3,6,1,66850,50036
131500,12150,1954,1795,2,0,4,7,1,62452,50014
181900,14585,1960,1429,1,0,3,7,2,76429,50037
118500,11841,1990,816,1,0,3,5,0,64108,50036
325000,13500,1893,2775,3,1,3,9,2,62452,50014
133000,6120,1935,1573,1,0,3,6,1,65080,50015
130000,10267,1918,838,1,0,2,5,1,65080,50015
137000,8740,1982,860,1,0,2,4,2,62302,50016
79500,9100,1930,935,1,0,2,4,1,65080,50015
185900,8320,2004,1582,2,1,3,6,2,97203,50045
451950,13478,2008,2296,2,1,3,10,3,138025,50051
138000,6600,1982,816,1,0,2,4,2,77061,50039
140000,4435,2003,848,1,0,1,4,2,97203,50045
110000,7990,1975,924,1,0,3,5,1,97203,50045
114504,3600,1910,1368,1,0,3,7,1,62452,50014
217500,12984,1977,1647,2,0,3,7,2,96432,50044
151000,1950,1980,1556,2,1,3,6,2,75933,50017
275000,10927,2005,1904,2,1,3,8,2,138025,50051
141000,9000,1937,1375,1,1,3,6,1,51360,50017
151000,3182,2004,1200,2,1,2,4,2,104653,50046
221000,12803,2002,1494,2,0,3,6,2,97203,50045
205000,13600,1965,1986,2,1,3,7,2,76429,50037
152000,12464,1996,1040,1,0,3,6,2,97203,50045
225000,7800,1948,2008,3,0,3,8,1,64108,50036
118500,7943,1961,1029,1,0,3,5,1,62302,50016
313000,11050,2000,2153,2,1,3,8,3,97203,50045
148000,10395,1978,1032,2,0,3,6,2,91626,50043
261500,11885,2001,1872,2,1,3,7,2,97203,50045
75500,1491,1972,630,1,0,1,3,0,53958,50010
183200,7861,2002,1509,2,1,3,7,2,92380,50040
105500,7227,1954,832,1,0,2,4,2,76429,50037
305000,12244,2003,2262,2,1,4,10,3,112753,50047
67000,8248,1914,864,1,0,2,5,0,64108,50036
240000,10800,1974,2614,2,1,4,9,2,91626,50043
135000,7064,1977,980,1,0,3,6,2,62302,50016
168500,2117,2000,1512,2,1,2,4,2,104653,50046
165150,10400,1972,1790,1,2,4,8,2,91626,50043
160000,10000,1962,1116,1,1,3,5,2,76429,50037
139900,12342,1960,1422,1,0,3,6,1,76429,50037
153000,9600,1955,1520,1,0,3,7,1,76429,50037
168500,9020,1964,1350,1,1,3,6,2,76429,50037
209500,4590,2006,1554,2,0,2,6,2,138025,50051
139400,9250,1954,1056,1,0,3,6,1,76429,50037
144000,6979,1980,1056,0,0,0,4,2,62452,50014
60000,6120,1936,800,1,0,1,4,0,65080,50015
93000,6000,1954,1387,2,0,3,7,1,62452,50014
85000,8777,1910,796,1,0,2,4,0,64108,50036
274000,12677,2003,1518,1,1,1,6,2,138025,50051
226000,7050,2001,1929,2,1,3,7,2,104653,50046
345000,13860,1972,2704,2,1,4,9,2,76429,50037
152000,10793,1969,1620,2,1,4,7,2,91626,50043
143250,10530,1971,981,1,1,3,5,2,76429,50037
98300,7200,1950,1048,1,0,3,7,2,76429,50037
155000,10452,1953,1094,1,0,3,5,2,64108,50036
155000,7700,1966,1839,1,1,4,7,2,76429,50037
84500,1936,1970,630,1,0,1,3,0,53958,50010
205950,8125,2007,1665,2,1,3,7,2,104653,50046
108000,9084,1940,1510,1,0,4,7,1,64108,50036
191000,8750,1996,1716,2,1,2,7,2,97203,50045
135000,10320,1906,1469,1,0,3,7,1,51360,50017
350000,10437,1995,2113,2,1,2,7,3,150805,50026
145500,10007,1959,1053,1,1,3,5,1,76429,50037
149000,7200,1931,1502,1,1,3,6,1,96432,50044
167000,9937,1964,1486,1,0,3,7,2,64108,50036
197900,12384,1976,1935,2,1,3,7,2,91626,50043
402000,46589,1994,2448,2,1,4,8,3,150805,50026
110000,13560,1968,1392,1,0,2,5,2,76429,50037
137500,10012,1972,1181,2,0,3,6,2,64108,50036
230500,11194,2000,1936,2,1,3,7,2,92380,50040
193500,8125,1994,1679,2,0,3,7,2,92322,50041
168000,14175,1956,1437,1,1,3,6,2,62302,50016
137500,11600,1922,1180,1,0,2,5,1,96432,50044
173500,8633,2005,1476,2,1,3,7,2,97203,50045
103600,6629,1925,1369,2,0,3,6,1,64108,50036
165000,11250,1977,1208,1,1,3,6,2,106363,50049
257500,14442,1957,1839,2,0,3,7,2,96432,50044
140000,9200,1965,1136,1,0,3,5,1,76429,50037
148500,2289,1978,1441,2,1,3,7,2,69607,50038
87000,9600,1900,1774,2,0,4,8,3,62452,50014
109500,9022,1924,792,1,0,2,5,1,62452,50014
128500,9945,1961,988,1,0,3,5,2,62302,50016
143000,8012,1980,923,2,0,2,5,1,92322,50041
173000,2887,1996,1291,1,0,2,6,2,106605,50048
285000,11248,2002,1668,2,0,3,7,3,97203,50045
221000,16770,1998,1839,2,1,4,7,2,150805,50026
207500,5062,1984,2090,2,0,3,6,2,120437,50050
148800,5105,2004,1102,2,1,2,4,2,104653,50046
194700,7577,2005,1362,2,0,2,6,2,138025,50051
141000,4426,2004,848,1,0,1,3,2,97203,50045
755000,21535,1994,4316,3,1,4,10,3,150805,50026
335000,26178,1989,2519,2,1,4,9,2,112753,50047
141500,6120,1936,1539,1,1,3,5,2,65080,50015
176000,13811,1987,1137,2,0,2,5,2,112753,50047
89000,6000,1921,616,1,0,2,4,1,65080,50015
123500,6420,1952,1148,1,0,2,6,1,64108,50036
138500,8450,1965,894,1,0,3,5,1,62302,50016
196000,4282,2004,1391,2,0,2,5,2,104653,50046
312500,14331,2002,1800,2,0,3,7,3,112753,50047
140000,9600,1969,1164,1,1,3,6,2,91626,50043
140000,7630,1900,1812,2,0,4,8,2,62452,50014
213000,8400,2004,1484,2,0,3,7,2,97203,50045
55000,5600,1930,1092,2,0,3,7,0,51360,50017
302000,115149,1971,1824,2,0,2,5,2,106605,50048
254000,6240,2006,1324,2,0,2,6,2,138025,50051
52000,4130,1935,729,1,0,2,5,0,65080,50015
189000,4671,1988,1228,2,0,2,5,2,120437,50050
129000,9873,1970,960,1,0,3,6,2,65080,50015
130500,13517,1976,1479,2,1,3,6,2,62302,50016
165000,10140,1974,1350,2,0,3,7,2,91626,50043
159500,10800,1890,2554,1,1,3,8,2,62452,50014
157000,10000,1973,1178,1,1,3,5,2,91626,50043
341000,10542,1993,2418,2,1,3,9,3,150805,50026
128500,9920,1969,971,1,1,3,5,1,97203,50045
275000,6563,1985,1742,2,0,2,5,2,120437,50050
143000,4426,2004,848,1,0,1,3,2,97203,50045
124500,8120,1970,864,1,0,3,5,2,76429,50037
135000,8172,1954,1470,2,0,4,7,1,64108,50036
320000,13286,2007,1698,2,0,3,8,3,64108,50036
120500,6960,1970,864,1,0,3,5,2,76429,50037
222000,21695,1988,1680,2,0,3,5,2,96432,50044
194500,7314,2007,1232,2,0,2,6,2,97203,50045
103000,6240,1925,1208,1,0,2,5,2,51360,50017
236500,5389,1995,1616,2,0,2,5,2,120437,50050
187500,9590,2003,1146,2,0,3,6,2,112753,50047
222500,11404,1998,2031,2,1,3,8,2,97203,50045
131400,10000,1961,1144,1,0,3,6,1,62302,50016
163000,10800,1914,1768,1,1,2,6,2,62452,50014
93500,8544,1950,1040,2,0,2,6,2,76429,50037
239900,10463,2005,1801,2,1,3,8,3,92380,50040
190000,9313,2004,1728,2,1,3,7,2,97203,50045
142000,6768,1961,912,1,0,3,5,1,62302,50016
179000,8450,2000,1349,2,0,3,6,2,92322,50041
175000,12886,1963,1464,2,0,3,6,2,62302,50016
180000,5395,1993,1337,2,0,2,5,2,120437,50050
299800,8963,1976,2715,3,1,4,11,2,91626,50043
236000,8795,2000,2256,2,1,4,8,2,92380,50040
265979,11700,1880,2640,1,1,4,8,4,62452,50014
260400,10593,1996,1720,2,0,3,7,2,150805,50026
98000,8405,1945,1529,2,0,4,9,1,64108,50036
96500,8800,1910,1140,1,0,3,7,0,62452,50014
162000,7750,2003,1320,2,1,3,6,2,92380,50040
217000,9236,1997,1494,2,0,3,6,2,97203,50045
275500,10240,2005,2098,2,1,3,8,3,138025,50051
156000,7930,1969,1026,1,0,3,5,2,76429,50037
172500,3230,1999,1471,2,1,3,6,2,104653,50046
212000,10769,2007,1768,2,1,3,7,2,97203,50045
179400,2280,1999,1501,2,1,3,6,2,104653,50046
290000,12257,1995,2531,2,1,4,9,3,150805,50026
127500,9100,1959,864,1,0,2,5,1,76429,50037
100000,6911,1924,1301,1,0,2,5,2,65080,50015
215200,8640,2009,1547,2,1,3,7,2,104653,50046
337000,9430,1999,2365,2,1,3,8,3,150805,50026
270000,9549,1995,1494,1,1,2,6,2,106363,50049
196500,10421,1988,1714,2,1,3,7,2,91626,50043
160000,12508,1940,1750,2,0,4,7,1,77061,50039
216837,9100,2004,1836,2,0,3,8,2,97203,50045
538000,53504,2003,3279,3,1,4,12,3,120437,50050
134900,7252,1982,858,1,0,2,5,2,62302,50016
102000,8877,1951,1220,1,0,2,6,2,64108,50036
114500,10150,1958,912,1,0,2,5,1,76429,50037
162000,4500,1998,1204,2,0,2,5,2,77061,50039
142500,13350,1974,894,1,0,3,5,2,62302,50016
144000,8400,1977,2020,2,0,4,10,2,92322,50041
135000,10530,1977,1004,1,0,2,4,2,77061,50039
176000,7875,1995,1253,2,0,3,6,2,92380,50040
175900,7153,1992,1603,2,1,3,7,2,92322,50041
187100,16285,2001,1430,2,0,3,6,2,97203,50045
165500,9101,1978,1110,1,0,1,4,2,77061,50039
128000,6300,1914,1484,2,0,3,9,0,62452,50014
161500,9790,1967,1342,2,0,3,7,2,91626,50043
139000,10800,1915,1652,2,0,4,7,1,62452,50014
233000,10142,2004,2084,2,1,4,8,2,92322,50041
107900,6000,1954,901,1,0,2,4,1,62452,50014
187500,12205,1966,2087,2,1,5,9,2,106605,50048
160200,3182,2005,1145,2,0,2,5,2,92169,50042
146800,11333,1976,1062,1,0,3,5,2,77061,50039
269790,9920,1996,2013,2,1,3,8,2,150805,50026
194500,10832,1994,1895,2,1,3,7,2,92380,50040
171000,8400,1980,1564,2,1,3,7,2,92322,50041
143500,8197,1977,1285,1,1,3,7,2,62302,50016
175000,7200,1937,1768,1,1,3,7,1,66850,50036
200000,12798,1997,1688,2,1,4,8,2,106605,50048
109900,4800,1916,1196,1,0,2,5,2,51360,50017
189000,8199,2005,1456,2,1,3,7,2,97203,50045
135500,9750,1967,980,2,0,3,6,1,76429,50037
223500,21384,1923,1576,1,1,3,6,2,65080,50015
159950,13400,1966,1086,1,0,3,6,2,76429,50037
106000,8100,1898,2138,2,0,2,11,2,62452,50014
181000,10140,1974,1309,1,1,3,5,2,91626,50043
144500,4438,2004,848,1,0,1,4,2,97203,50045
157900,9750,1958,1442,1,1,4,7,1,76429,50037
116000,8248,1918,1250,1,1,3,7,1,64108,50036
224900,12137,1998,1661,2,0,3,6,2,97203,50045
137000,11425,1954,1008,1,0,2,4,1,76429,50037
271000,13265,2002,1689,2,0,3,7,3,77061,50039
155000,8816,1971,1052,1,0,3,6,2,106605,50048
183000,7226,2003,1640,2,1,3,6,2,97203,50045
93000,6000,1953,936,1,0,2,4,2,62452,50014
139500,9900,1940,1489,2,0,3,7,1,66850,50036
109500,6130,1924,784,1,0,2,5,0,65080,50015
189000,8529,2001,1434,2,0,3,6,2,92322,50041
147400,2544,2005,1223,2,1,2,4,2,104653,50046
166000,11900,1957,1392,1,1,3,6,2,76429,50037
151000,3180,2005,1200,2,1,2,4,2,104653,50046
237000,9548,2003,1829,2,1,3,7,2,97203,50045
167000,10004,1964,1516,1,1,3,6,2,76429,50037
139950,7875,1961,1144,1,0,3,6,2,76429,50037
128000,9600,1950,1067,2,0,2,4,2,62302,50016
153500,8100,1948,1559,1,0,2,5,2,62452,50014
100000,1680,1973,987,1,1,2,5,1,57629,50011
144000,9525,1995,1099,1,1,3,6,1,97203,50045
130500,11767,1946,1200,1,0,3,6,1,64108,50036
140000,12155,1925,1482,2,0,4,7,1,66850,50036
157500,10440,1904,1539,2,0,3,8,2,62452,50014
174900,9020,1966,1165,1,1,3,6,2,76429,50037
141000,8000,1961,1800,2,0,6,10,0,76429,50037
153900,12665,1915,1416,1,1,4,7,3,62452,50014
171000,16647,1975,1701,2,0,3,6,2,62302,50016
213000,9317,1993,1775,2,1,3,7,2,92322,50041
133500,15523,1972,864,1,0,3,5,1,97203,50045
240000,45600,1908,2358,3,0,5,10,2,106605,50048
187000,9600,1976,1855,2,1,3,7,2,106363,50049
131500,4435,2003,848,1,0,1,3,2,97203,50045
215000,3196,2003,1456,2,0,2,7,2,92169,50042
164000,7128,1941,1646,2,0,4,7,1,96432,50044
158000,12095,1964,1445,1,1,3,7,2,76429,50037
127000,6897,1962,1040,1,1,3,6,1,62302,50016
147000,10970,1978,1026,1,0,3,5,2,97203,50045
174000,8125,1994,1481,2,1,3,6,2,92380,50040
250000,11029,1968,2654,2,1,4,9,2,91626,50043
189950,7642,1918,1426,1,1,3,7,1,96432,50044
131500,11625,1965,1039,1,1,3,6,2,62302,50016
152000,9672,1984,1097,2,0,3,6,2,92322,50041
132500,7931,1959,1148,1,0,3,6,1,76429,50037
148500,8750,1970,1002,1,0,3,5,2,76429,50037
129000,6970,1961,1120,1,1,3,5,2,62302,50016
169000,14762,1948,2320,2,0,2,7,2,92380,50040
236000,9938,1993,1949,2,1,3,8,2,92322,50041
109500,6600,1962,894,1,0,2,5,1,76429,50037
200500,8750,1998,1682,2,1,3,7,2,97203,50045
116000,8892,1953,910,1,0,3,5,2,76429,50037
133000,12144,1949,1268,1,0,3,6,1,76429,50037
132250,25286,1963,1040,1,0,3,5,2,77061,50039
350000,8834,2004,2224,2,1,4,10,3,138025,50051
148000,11782,1961,1155,1,0,3,6,2,62302,50016
136500,7000,1978,864,1,0,3,6,1,97203,50045
157000,7024,2005,1090,1,1,2,5,2,64108,50036
187500,13758,1990,1717,2,1,3,7,2,112753,50047
178000,9636,1992,1593,2,1,3,7,2,92380,50040
118500,6204,1912,2230,1,0,5,10,1,66850,50036
100000,7150,1967,892,1,0,3,5,1,76429,50037
135500,16466,1955,1393,1,1,3,8,1,64108,50036
268000,15865,1970,2217,2,0,4,8,2,76429,50037
149500,12160,1953,1505,1,0,2,6,2,76429,50037
122900,8064,1949,924,1,0,3,6,2,76429,50037
172500,11184,1978,1683,2,1,3,7,2,62302,50016
154500,8414,1963,1068,1,0,3,6,1,62302,50016
165000,13284,1954,1383,1,0,3,6,1,62302,50016
140000,7056,1963,1796,1,1,4,8,2,76429,50037
135000,6993,1961,1236,1,0,3,6,1,62302,50016
110000,7340,1971,858,1,0,2,4,1,76429,50037
153000,8712,1957,1306,1,0,2,5,1,76429,50037
180000,7875,2003,1509,2,1,3,8,2,92380,50040
125500,6173,1967,902,1,0,3,6,1,62302,50016
128000,9920,1954,1063,1,0,3,6,1,76429,50037
255000,13501,2006,1636,2,0,3,8,3,104653,50046
250000,11500,1936,2057,1,1,3,6,1,96432,50044
131000,8885,1983,902,1,0,2,5,2,77061,50039
174000,12589,2005,1484,2,1,3,8,2,92380,50040
154300,11600,1960,2274,2,0,5,12,2,76429,50037
143500,9286,1977,1268,1,1,3,5,1,97203,50045
145000,6270,1949,2002,2,0,4,8,3,96432,50044
75000,2001,1970,1092,1,1,3,6,1,53958,50010
135000,17140,1956,1229,1,0,3,6,1,64108,50036
238000,13125,1991,2127,2,1,4,8,3,92322,50041
176500,11029,1958,1414,1,0,3,6,2,76429,50037
201000,8462,1994,1721,2,1,3,7,2,92322,50041
145900,8777,1900,2200,2,2,4,9,0,64108,50036
193000,8012,1993,1617,2,0,2,5,2,92322,50041
207500,10240,1980,1686,2,0,3,7,2,91626,50043
285000,11999,2003,2374,2,1,4,10,3,138025,50051
176000,9900,1968,1978,2,1,4,9,2,91626,50043
236500,11838,2001,1788,2,0,3,7,2,97203,50045
222000,13006,1997,2236,2,1,4,8,2,92380,50040
201000,8925,2007,1466,2,0,3,7,3,112753,50047
117500,9100,1965,925,1,0,2,5,1,76429,50037
320000,11670,2006,1905,2,0,3,8,3,104653,50046
190000,8487,2004,1500,2,0,3,6,2,97203,50045
242000,27650,1960,2069,2,0,4,9,2,76429,50037
79900,5825,1926,747,1,0,1,5,2,65080,50015
184900,10083,2003,1200,2,0,2,5,2,92322,50041
253000,9675,2005,1971,2,1,3,8,2,104653,50046
244400,24090,1940,2403,2,0,4,10,1,106605,50048
150900,12640,1976,1728,2,0,4,8,2,77061,50039
214000,8755,1999,2060,2,1,3,8,2,92380,50040
143000,25000,1967,1632,2,0,4,8,2,77061,50039
124900,8820,1890,1869,1,0,2,7,2,62452,50014
143000,8163,1959,1144,1,0,3,6,1,76429,50037
270000,14536,2002,1629,2,0,3,9,3,112753,50047
192500,14006,2002,1776,2,1,3,7,2,97203,50045
197500,9360,1972,1381,1,1,3,5,2,91626,50043
129000,7200,1950,864,1,0,3,5,2,76429,50037
133900,7200,1972,768,1,0,2,5,1,97203,50045
172000,11075,1969,1968,2,1,4,7,2,77061,50039
145000,7136,1946,1958,2,0,4,8,2,96432,50044
124000,1300,1980,1229,1,1,2,5,2,75933,50017
132000,7420,1962,1057,1,0,3,6,2,62302,50016
185000,8450,2003,1337,2,0,3,6,2,97203,50045
155000,2572,1999,1416,2,1,3,6,2,104653,50046
116500,7207,1958,858,1,0,2,4,0,65080,50015
272000,12227,1977,2872,2,1,4,11,2,91626,50043
155000,2308,1976,1548,2,1,3,7,2,69607,50038
239000,11923,2007,1800,2,0,2,7,2,97203,50045
214900,11316,2002,1894,2,1,4,8,2,112753,50047
160000,9600,1940,1308,1,1,2,7,1,96432,50044
135000,7390,1955,1098,1,0,3,6,1,76429,50037
140000,10382,1958,1095,1,0,2,6,1,76429,50037
173000,2268,2003,1626,2,0,2,6,2,138025,50051
99500,7892,1979,918,2,0,2,5,1,92322,50041
167500,11414,1910,2019,1,0,3,8,2,65080,50015
165000,2651,2000,1382,2,1,3,6,2,104653,50046
85500,5900,1923,869,1,0,2,4,0,65080,50015
139000,8816,1963,1121,1,0,3,5,2,62302,50016
178400,12122,1961,999,1,0,3,6,2,76429,50037
336000,12203,1998,2612,2,1,4,8,3,150805,50026
159895,3182,2007,1266,2,0,2,6,2,92169,50042
255900,11250,2002,2290,2,1,4,9,2,97203,50045
126000,10125,1977,1734,2,0,4,8,2,77061,50039
125000,10880,1950,1164,1,0,3,5,1,64108,50036
117000,5310,1910,1635,1,0,2,5,1,62452,50014
195000,12046,1976,2030,2,1,4,8,2,91626,50043
348000,9452,1997,2392,2,1,3,7,3,150805,50026
168000,17671,1882,1742,1,1,4,8,2,62452,50014
187000,9760,1964,1851,2,1,3,7,2,76429,50037
337500,12456,2006,1718,2,0,3,7,3,138025,50051
136500,10659,1961,1050,1,0,3,6,1,76429,50037
185000,11717,1970,1442,2,0,2,6,2,91626,50043
91000,9786,1922,1077,1,0,3,6,1,51360,50017
206000,6762,2006,1208,2,0,2,6,2,97203,50045
82000,10206,1952,944,1,0,2,4,2,64108,50036
232000,11957,2006,1574,2,0,3,7,3,104653,50046
136905,11500,1976,1680,2,0,4,8,2,91626,50043
181000,3182,2005,1504,2,0,1,7,2,92169,50042
149900,8385,1977,985,2,0,3,6,1,97203,50045
163500,12155,1970,1657,2,0,3,7,2,76429,50037
88000,2217,1970,1092,1,1,3,6,1,53958,50010
240000,12118,2004,1710,2,0,3,7,2,77061,50039
102000,6000,1926,1522,2,0,4,7,0,66850,50036
135000,21286,1948,1271,2,0,4,7,1,62302,50016
100000,9825,1965,1664,2,0,4,8,0,64108,50036
165000,10592,1923,1502,1,1,3,7,1,96432,50044
85000,7200,1910,1022,1,0,2,4,1,62452,50014
119200,11664,1948,1082,1,0,2,5,1,76429,50037
227000,8400,2001,1665,2,1,3,6,2,91626,50043
203000,11883,1996,1504,2,0,3,6,2,97203,50045
160000,10784,1991,1472,2,1,3,7,2,92380,50040
213490,3013,2005,1506,2,0,2,6,2,92169,50042
176000,7024,2005,1132,1,1,2,5,2,64108,50036
87000,9439,1930,1248,1,0,2,6,1,62452,50014
191000,3182,2005,1504,2,0,2,7,2,92169,50042
112500,7700,1972,882,1,0,3,5,2,97203,50045
167500,9300,1960,1264,1,0,3,6,2,76429,50037
105000,9492,1941,1376,1,0,3,6,1,76429,50037
118000,1680,1972,1218,1,1,3,7,1,57629,50011
160000,7082,1916,1928,2,0,5,10,0,66850,50036
197000,15863,1920,3082,2,1,5,12,2,66850,50036
230000,8125,2002,1654,2,0,3,6,3,97203,50045
119750,6305,1938,954,1,0,2,5,1,96432,50044
84000,11500,1957,845,1,0,3,5,1,64108,50036
315500,12898,2007,1620,2,0,2,6,3,112753,50047
287000,9240,2001,2263,2,1,3,7,2,97203,50045
97000,1533,1970,1344,1,1,3,6,0,53958,50010
80000,1477,1970,630,1,0,1,3,1,53958,50010
155000,13125,1957,1803,2,0,3,8,2,62302,50016
173000,9130,1966,1632,1,1,4,7,2,91626,50043
196000,5381,2005,1306,2,0,1,5,2,138025,50051
262280,11839,1990,2329,2,1,4,10,2,92322,50041
278000,9600,1981,2524,2,1,4,9,2,91626,50043
139600,13680,1955,1733,2,0,4,8,2,64108,50036
145000,9245,1994,990,1,0,3,5,2,97203,50045
115000,21750,1960,1771,1,0,3,9,2,77061,50039
165000,9500,1964,1977,1,1,4,9,2,76429,50037
144500,8562,1957,1526,1,0,4,7,1,64108,50036
255000,11367,2002,1989,2,1,3,7,2,97203,50045
185850,7052,2005,1364,2,0,2,6,2,138025,50051
248000,29959,1994,1850,2,1,3,7,2,150805,50026
335000,11308,2008,2184,2,1,3,10,3,138025,50051
220000,11275,1932,1991,1,1,3,7,2,96432,50044
213500,4920,2001,1338,2,0,2,6,2,120437,50050
81000,18000,1935,894,1,0,2,6,3,51360,50017
90000,13600,1900,2337,2,0,5,10,2,62452,50014
110500,6000,1925,1103,1,0,2,5,2,62452,50014
154000,11000,1966,1154,1,1,3,6,2,76429,50037
328000,14000,1996,2260,2,1,3,7,2,106605,50048
178000,7837,1993,1571,2,1,3,7,2,92380,50040
167900,9760,1964,1611,1,1,4,7,2,76429,50037
151400,3964,1973,2521,2,1,5,10,2,53958,50010
135000,9600,1949,893,1,0,2,4,2,76429,50037
135000,10152,1956,1048,1,0,3,6,1,76429,50037
154000,11700,1968,1556,1,1,4,8,2,91626,50043
91500,7585,1948,1456,1,0,4,7,1,64108,50036
159500,7950,1977,1426,1,1,3,6,2,64108,50036
194000,8556,2006,1240,2,0,2,5,3,97203,50045
219500,13125,1940,1740,1,1,3,6,1,96432,50044
170000,10800,1936,1466,2,0,3,7,2,62452,50014
155900,4435,2004,848,1,0,1,3,2,97203,50045
126000,8775,1994,990,1,0,3,5,1,97203,50045
133000,7500,1963,1040,1,1,3,5,1,62302,50016
192000,8749,2002,1459,2,0,3,6,2,97203,50045
160000,8800,1964,1251,1,0,3,6,1,76429,50037
187500,13031,1995,1498,2,1,3,6,2,92380,50040
147000,9069,1992,996,1,0,2,5,2,92322,50041
83500,1974,1973,1092,1,1,3,6,1,53958,50010
252000,10574,2005,1953,2,1,3,9,3,104653,50046
137500,2522,2004,1709,2,0,3,7,2,64108,50036
197000,3316,2005,1247,1,1,1,4,2,104653,50046
92900,8544,1950,1040,2,0,2,6,2,76429,50037
160000,2160,1999,1252,2,1,2,4,2,104653,50046
136500,8400,1925,1694,2,0,4,7,2,66850,50036
146000,9230,1965,1200,1,1,1,6,2,76429,50037
129000,5868,1956,936,1,0,2,4,1,76429,50037
176432,9317,2006,1314,2,0,3,6,2,97203,50045
127000,6882,1914,1355,1,1,3,7,0,51360,50017
170000,3696,1986,1088,1,1,2,5,2,120437,50050
128000,6000,1936,1324,1,0,3,6,1,65080,50015
60000,8400,1920,438,1,0,1,3,1,66850,50036
119500,9758,1971,950,1,0,3,5,1,76429,50037
159500,8910,1959,1194,1,0,3,6,2,76429,50037
106000,2016,1970,1302,2,1,3,6,2,57629,50011
325000,12256,1994,2622,2,1,3,9,2,150805,50026
179900,10357,1990,1442,2,0,3,6,2,92322,50041
280000,11362,2004,1836,2,0,3,7,3,138025,50051
188000,8000,1995,1658,2,1,3,8,2,92380,50040
205000,10480,1976,1964,2,1,4,8,2,91626,50043
129900,7100,1957,816,1,0,2,5,1,76429,50037
134500,8923,1953,1008,1,0,2,6,1,76429,50037
117000,5400,1954,833,1,0,2,4,1,62452,50014
184100,7750,2002,1419,2,1,3,7,2,92380,50040
130000,9764,1967,894,1,0,3,5,2,62302,50016
140000,13825,1958,1601,1,0,3,6,1,62302,50016
133700,7560,1959,1040,1,0,3,6,1,76429,50037
118400,8263,1920,1012,1,0,2,6,1,51360,50017
118000,9405,1947,698,1,0,2,4,0,64108,50036
163900,9125,1992,1482,2,1,3,7,2,92380,50040
115000,10434,1955,1005,1,0,2,5,2,76429,50037
174000,3684,2007,1555,2,0,2,7,3,92169,50042
215000,11796,2004,1959,2,1,4,8,2,92380,50040
140000,7200,1980,936,1,0,2,4,2,62452,50014
135000,7804,1928,1981,2,0,4,7,2,66850,50036
117500,9900,1880,2210,2,0,5,8,1,62452,50014
239500,9828,1995,2020,2,1,3,8,2,92322,50041
169000,8773,1997,1600,2,1,3,7,2,92380,50040
102000,6180,1926,986,1,0,2,5,1,65080,50015
94000,6342,1875,1020,1,0,2,6,0,62302,50016
196000,9819,1977,1567,2,0,2,5,2,77061,50039
144000,8731,1920,1167,1,0,3,6,2,65080,50015
197500,10304,1976,1868,2,1,4,9,2,91626,50043
80000,9000,1959,1006,1,0,3,5,0,62302,50016
80000,12180,1941,924,1,0,2,5,1,64108,50036
180000,11200,1985,1298,2,0,3,5,2,92322,50041
174500,12000,1941,1564,1,1,3,7,1,96432,50044
116900,5700,1926,1111,1,0,2,5,1,62452,50014
143000,9000,1920,1482,1,0,3,7,2,62452,50014
124000,8280,1950,932,1,0,2,4,1,76429,50037
149900,17755,1959,1466,1,1,3,6,2,64108,50036
120500,5890,1930,816,1,0,2,5,1,51360,50017
201800,13700,1965,1820,1,2,4,8,2,76429,50037
218000,10768,1976,1437,2,0,3,6,2,106363,50049
179900,9350,1965,1265,2,0,3,6,2,76429,50037
230000,5001,2007,1314,2,0,2,6,2,138025,50051
185000,9120,1974,1876,2,1,4,8,2,91626,50043
146000,2280,1978,1456,2,1,3,7,2,69607,50038
224000,14778,1954,1640,1,0,3,7,2,96432,50044
129000,8724,1968,894,1,0,3,5,2,62302,50016
194000,16157,1978,1432,1,1,2,5,2,106363,50049
245350,10475,2008,1694,2,0,3,7,3,97203,50045
173000,10852,2000,1671,2,1,3,7,2,92380,50040
235000,13728,1935,2108,2,0,4,7,2,64108,50036
625000,35760,1995,3627,3,1,4,10,3,150805,50026
171000,9880,1977,1118,1,0,3,6,1,77061,50039
163000,9120,1958,1261,1,0,3,6,2,76429,50037
171900,4017,2006,1250,2,1,2,5,2,104653,50046
200500,18030,1946,3086,3,0,3,12,0,106605,50048
239000,16560,1932,2345,2,1,4,9,2,96432,50044
285000,10678,1992,2872,2,1,4,9,2,150805,50026
119500,6951,1984,923,1,0,3,5,1,77061,50039
115000,3950,1926,1224,1,0,3,5,1,62452,50014
154900,7681,1921,1343,1,1,3,7,1,96432,50044
93000,8335,1954,1124,1,0,3,5,0,64108,50036
250000,11170,1990,2514,2,1,4,8,2,112753,50047
120000,10800,1920,1130,1,0,2,5,2,62452,50014
186700,35133,1963,1572,1,1,3,5,3,112753,50047
104900,9738,1924,1221,1,0,4,7,1,64108,50036
262000,12461,1994,1624,2,0,2,5,3,150805,50026
195000,8935,2002,1660,2,1,3,7,2,97203,50045
189000,7500,1999,1804,2,1,3,7,2,92380,50040
168000,32463,1961,1622,1,0,3,7,4,77061,50039
174000,2645,1999,1441,2,1,2,5,2,104653,50046
125000,9600,1925,1472,1,0,3,6,1,62452,50014
165000,4500,1999,1224,2,0,2,5,2,77061,50039
158000,9364,1969,1352,1,1,4,7,1,62302,50016
176000,8029,2005,1456,2,1,3,8,2,92380,50040
144000,8850,1916,1690,1,0,3,7,1,62452,50014
178000,9100,2001,1212,2,0,3,6,2,97203,50045
148000,11235,1963,1382,1,1,3,6,2,62302,50016
197900,10400,1998,1779,2,1,3,6,2,97203,50045
117000,6000,1925,1348,1,0,3,5,1,65080,50015
213000,9750,2000,1630,2,0,3,6,2,97203,50045
153500,10140,1975,1074,1,1,3,6,2,91626,50043
271900,14684,1990,2196,2,0,3,7,3,92322,50041
107000,8900,1966,1056,1,0,2,5,1,92322,50041
200000,9135,2003,1700,2,0,3,7,2,97203,50045
140000,7763,1962,1283,1,0,3,6,2,76429,50037
189000,11218,1992,1845,2,1,3,8,2,92322,50041
164000,12134,1988,1752,2,0,4,8,2,92380,50040
113000,9340,1941,672,1,0,2,4,1,64108,50036
145000,10246,1965,960,0,0,0,3,1,62302,50016
134500,10205,1962,999,1,0,3,6,1,76429,50037
125000,7094,1966,894,1,0,3,5,1,62302,50016
112000,8930,1978,1902,2,0,4,8,2,62302,50016
80500,6240,1947,912,1,0,2,3,0,65080,50015
134000,8250,1968,1211,1,0,3,5,1,62302,50016
143000,10496,1949,1846,2,0,3,7,1,76429,50037
137900,10680,1951,2136,2,0,4,7,2,76429,50037
184000,15384,2004,1490,2,1,3,8,2,92380,50040
145000,10482,1958,1138,1,0,3,6,1,76429,50037
214000,14598,2007,1933,2,1,4,9,3,104653,50046
147000,8872,1965,912,1,0,2,5,2,76429,50037
127000,7910,1960,1507,2,0,4,7,1,76429,50037
190000,18890,1977,2620,2,2,4,12,2,62302,50016
132500,7728,1962,1190,1,0,3,6,2,76429,50037
101800,9842,1962,1224,2,0,2,6,2,76429,50037
138887,13132,1914,1784,1,1,4,9,1,96432,50044
175500,2628,2003,1626,2,1,2,6,2,138025,50051
195000,12393,2004,1948,2,1,4,8,2,97203,50045
265900,9037,2006,1484,2,0,2,6,2,112753,50047
224900,8158,2003,1768,2,1,3,8,2,97203,50045
230000,11435,1929,1517,1,0,3,7,2,96432,50044
169900,12328,1976,1034,1,0,3,6,3,77061,50039
129500,9600,1917,2058,1,1,3,8,2,62452,50014
119000,7200,1950,988,1,0,3,6,1,76429,50037
244000,11160,1968,2110,2,1,3,8,2,76429,50037
171750,3136,2003,1405,2,0,2,6,2,138025,50051
130000,9858,1968,874,1,0,3,5,1,77061,50039
294000,17542,1974,2167,2,1,3,9,2,106363,50049
165400,6931,2003,1656,2,1,3,7,2,64108,50036
127500,6240,1931,1367,1,0,3,6,1,65080,50015
301500,14303,1994,1987,2,0,2,7,2,150805,50026
99900,4060,1922,864,1,0,2,4,0,64108,50036
190000,9587,2005,1166,2,0,2,5,2,92380,50040
151000,9750,1969,1054,1,1,3,6,2,76429,50037
181000,24682,1999,1675,2,1,3,7,2,92380,50040
128900,9600,1956,1050,1,0,2,5,1,76429,50037
161500,11250,1957,1788,1,0,5,8,1,106605,50048
180500,13515,1919,1824,1,0,3,8,2,65080,50015
183900,3735,1999,1452,2,1,3,6,2,104653,50046
122000,10120,1910,1889,1,1,4,9,1,62452,50014
378500,13214,2008,2018,2,0,3,10,3,112753,50047
381000,14100,1935,3447,3,1,4,11,3,96432,50044
144000,11344,1958,1524,1,1,3,7,1,76429,50037
260000,23595,1979,1524,0,1,0,4,2,106605,50048
185750,9156,1968,1489,2,0,3,7,2,91626,50043
137000,13526,1965,935,1,0,3,5,1,62302,50016
177000,11512,1959,1357,1,0,2,5,1,64108,50036
139000,5362,1910,1250,2,0,3,8,2,96432,50044
137000,11345,1948,1920,2,0,4,10,2,76429,50037
162000,12936,1972,1395,1,1,3,6,2,91626,50043
197900,17871,1967,1724,1,1,3,7,2,91626,50043
237000,9473,2002,2031,2,1,3,7,2,97203,50045
227000,9808,2002,1573,2,0,3,6,2,97203,50045
180000,8049,1990,1339,2,0,2,6,2,112753,50047
150500,8800,1977,1040,2,0,3,5,2,97203,50045
139000,9400,1971,1824,2,2,4,8,0,77061,50039
169000,9638,1919,2447,2,0,4,10,1,66850,50036
132500,6000,1939,1412,1,0,4,6,1,65080,50015
143000,9790,1963,1328,1,1,3,6,2,91626,50043
190000,36500,1964,1582,2,0,4,7,2,106605,50048
278000,5664,2000,1659,2,0,2,5,2,120437,50050
180500,14112,1964,1152,1,0,3,6,2,76429,50037
119500,1680,1972,1302,2,1,3,6,1,57629,50011
107500,6600,1892,2372,2,0,4,11,1,62452,50014
162900,10140,1976,1664,2,1,4,8,2,91626,50043
115000,8172,1955,864,1,0,2,5,2,64108,50036
138500,8400,1968,1052,1,1,3,5,1,76429,50037
155000,8700,1963,1128,2,0,3,6,2,76429,50037
154000,7500,1959,1246,1,1,3,6,1,76429,50037
225000,10762,1999,1983,2,1,3,9,2,92380,50040
177500,7500,1942,1494,1,0,3,7,1,96432,50044
290000,10120,1994,2526,2,1,4,8,3,150805,50026
232000,8688,2005,1616,2,0,3,7,3,104653,50046
130000,3363,2004,1708,2,0,3,7,2,64108,50036
325000,13173,2006,1652,2,0,2,6,2,138025,50051
138000,8072,1994,990,1,0,3,5,2,97203,50045
147000,12000,1948,1122,1,0,2,6,2,62452,50014
179200,7153,1991,1294,2,0,3,6,2,92322,50041
335000,17500,1959,1902,2,0,3,7,2,96432,50044
302000,9572,1990,2810,2,1,4,9,2,150805,50026
333168,14774,1999,2599,2,1,4,10,3,150805,50026
119000,8190,1954,948,1,0,3,5,1,64108,50036
206900,11075,1969,2112,2,1,4,9,2,76429,50037
295493,10226,2008,1630,2,0,3,8,3,97203,50045
275000,14781,2001,1787,2,0,3,7,3,97203,50045
111000,10215,1954,948,1,0,3,5,1,64108,50036
156500,8400,1957,1478,1,1,3,6,2,76429,50037
72500,6627,1949,720,1,0,2,4,1,65080,50015
190000,10186,1992,1923,2,1,3,8,2,150805,50026
82500,5330,1940,708,1,0,2,5,0,65080,50015
55000,3636,1922,796,1,0,2,5,0,51360,50017
79000,4270,1931,774,1,0,3,6,0,64108,50036
130500,6600,1982,816,1,0,3,5,1,77061,50039
256000,10440,1920,2792,2,0,5,8,2,62452,50014
176500,9084,1998,1632,2,1,3,8,2,92380,50040
227000,10000,2006,1588,2,0,3,7,3,104653,50046
132500,10780,1976,954,1,0,3,6,2,97203,50045
100000,8877,1938,816,1,0,2,3,1,64108,50036
125500,7200,1938,1360,1,1,2,6,1,51360,50017
125000,2368,1970,1365,1,1,3,7,2,57629,50011
167900,9650,1977,1334,2,0,2,6,2,91626,50043
135000,9246,1973,1656,2,0,4,8,2,91626,50043
52500,4118,1941,693,1,0,2,4,0,62452,50014
200000,13450,2002,1861,2,1,3,8,2,97203,50045
128500,9560,1972,864,1,0,3,5,1,97203,50045
123000,8294,1971,872,1,0,3,5,4,76429,50037
155000,13695,2003,1114,1,0,3,6,2,92322,50041
228500,9375,2002,2169,2,1,3,7,2,97203,50045
177000,7558,1928,1913,1,1,3,9,2,96432,50044
108500,6000,1920,960,1,0,2,5,1,62452,50014
262500,20781,1968,2156,2,0,3,9,2,91626,50043
215000,16196,1998,1494,2,0,3,5,2,92322,50041
122000,5250,1872,2358,2,0,4,8,0,62452,50014
200000,11643,1969,2634,2,2,6,12,4,76429,50037
171000,9247,1962,1716,1,1,4,8,2,76429,50037
134900,6000,1937,1176,1,0,2,4,2,65080,50015
410000,14720,1995,3238,2,1,4,9,3,150805,50026
235000,10316,2000,1865,2,1,3,7,3,97203,50045
170000,10192,1968,1920,3,0,4,8,2,91626,50043
110000,9477,1966,892,1,0,3,5,1,76429,50037
149900,12537,1971,1078,1,1,3,6,2,76429,50037
177500,2117,2000,1573,2,1,3,5,2,104653,50046
315000,16737,2004,1980,2,0,3,8,3,138025,50051
189000,9842,1921,2601,3,1,4,8,2,66850,50036
260000,16158,2005,1530,2,0,3,7,2,120437,50050
104900,12513,1920,1738,2,0,4,7,1,76429,50037
216000,7500,2000,1674,2,1,3,7,2,104653,50046
127000,2665,1977,1475,2,0,4,6,1,53958,50010
144000,4435,2003,848,1,0,1,4,2,97203,50045
232000,10635,2003,1668,2,0,3,8,2,97203,50045
105000,5400,1920,1374,1,0,2,6,1,62452,50014
165500,9600,1955,1661,1,0,3,8,1,76429,50037
274300,9750,1998,2097,2,1,3,8,2,97203,50045
466500,11400,2001,2633,2,1,2,8,3,150805,50026
250000,10625,2005,1958,2,1,3,9,3,104653,50046
91000,6292,1930,790,1,0,2,4,1,66850,50036
117000,10998,1941,1604,2,0,3,6,2,64108,50036
83000,1953,1973,987,1,1,2,5,1,57629,50011
167500,9735,2006,1394,2,1,3,7,2,112753,50047
58500,8212,1914,864,1,0,2,5,1,64108,50036
237500,12925,1970,2117,2,1,4,7,2,76429,50037
157000,7200,1920,1762,1,1,4,8,2,62452,50014
112000,25339,1918,1416,2,0,3,7,2,62302,50016
105000,9060,1939,1258,1,0,2,6,1,64108,50036
125500,5436,1922,1154,1,0,3,7,1,51360,50017
250000,16692,1978,2784,3,1,5,12,2,91626,50043
377500,14892,2006,1746,2,0,3,7,3,92380,50040
131000,6000,1941,1218,1,0,3,6,2,65080,50015
235000,9100,2000,1525,2,0,3,6,2,97203,50045
124000,8944,1967,1584,2,0,4,8,3,76429,50037
123000,7838,1967,900,1,0,3,6,1,76429,50037
163000,10800,1905,1912,2,0,3,7,2,62452,50014
281213,12665,2005,2482,2,1,4,9,3,112753,50047
160000,57200,1948,1687,1,0,3,7,2,112753,50047
137500,6120,1920,1513,1,1,4,8,1,65080,50015
138000,7200,1950,1904,1,1,3,7,1,76429,50037
137450,6171,1925,1608,2,1,3,7,1,66850,50036
120000,6000,1929,1158,1,0,3,5,1,65080,50015
193000,7415,2004,1593,2,1,3,8,2,92380,50040
282922,15256,2007,1464,2,0,3,6,3,104653,50046
275000,3842,2004,1646,2,0,2,5,2,96432,50044
133000,8445,1972,768,1,0,2,5,2,97203,50045
112000,8780,1985,833,1,0,3,5,0,77061,50039
125500,7740,1910,1363,1,0,3,6,2,62452,50014
215000,20544,1986,2093,2,1,3,7,2,91626,50043
230000,12420,2001,1840,2,1,3,6,2,97203,50045
140000,9600,1950,1668,1,1,3,6,1,76429,50037
90000,7200,1949,1040,2,0,2,6,2,76429,50037
207000,13053,1923,1848,1,1,4,8,2,65080,50015
175900,3635,2007,1569,2,0,1,7,3,92169,50042
122500,11340,1885,2290,2,0,4,11,2,62452,50014
340000,16545,1998,2450,2,1,3,7,3,150805,50026
124000,9204,1963,1144,1,1,3,6,1,76429,50037
223000,16381,1969,1844,2,0,3,7,2,96432,50044
179900,11700,1968,1416,2,1,3,7,2,91626,50043
127500,4043,1977,1069,2,0,2,4,2,69607,50038
136500,4435,2003,848,1,0,1,3,2,97203,50045
144000,9503,1958,1344,1,0,2,6,1,76429,50037
142000,10721,1959,1252,1,0,3,7,2,76429,50037
271000,10944,1994,2127,2,1,3,5,2,150805,50026
140000,10930,1945,1558,1,1,3,6,1,76429,50037
182900,12546,1981,1440,2,0,3,7,2,91626,50043
192140,21930,2005,1838,2,1,4,7,2,92380,50040
143750,4928,1976,958,2,0,2,5,2,69607,50038
64500,10800,1927,968,2,0,4,5,1,62452,50014
186500,10261,2000,1792,2,1,3,8,2,92380,50040
160000,17400,1977,1126,2,0,3,5,2,77061,50039
120500,9000,1971,864,1,0,3,5,2,76429,50037
149700,7407,1957,1236,1,0,2,6,2,62452,50014
197000,11584,1979,1725,2,1,3,6,2,91626,50043
191000,11526,1922,2555,2,0,3,11,2,96432,50044
149300,4426,2004,848,1,0,1,3,2,97203,50045
310000,11003,2008,2007,2,1,3,10,3,104653,50046
121000,8854,1916,952,1,0,2,4,1,65080,50015
179600,8500,2004,1422,2,0,3,7,2,97203,50045
129000,8400,1966,913,1,0,3,6,1,62302,50016
157900,26142,1962,1188,1,0,3,6,1,77061,50039
240000,10000,1995,2090,2,1,3,8,2,97203,50045
112000,11767,1910,1346,1,1,2,6,1,64108,50036
136000,9000,1974,1792,2,2,4,8,0,76429,50037
145000,3675,2005,1072,1,0,2,5,2,64108,50036
185000,7500,2004,1221,2,0,2,6,2,104653,50046
175000,7917,1999,1647,2,1,3,7,2,92380,50040
210000,13175,1978,2073,2,0,3,7,2,91626,50043
266500,9042,1941,2340,2,0,4,9,1,96432,50044
142125,9717,1950,1078,1,0,2,5,1,76429,50037
147500,9937,1965,1256,1,1,3,6,1,64108,50036
